model,source_material_index,target_E_Pa,target_E_MPa,poisson_ratio,substeps,compensation_scale,compensated_E_Pa,compensated_E_MPa,initial_relMSE,initial_relMSE_pct,final_relMSE,final_relMSE_pct,capacity_class,lookup_allowed,classification_reason,source_path,source_sha256,source_row
bunny3828,0,2000000,2,0.4,15,1.6675,3335000,3.335,0.33893,33.893,0.050313,5.0313,reliable,true,,assets/experiments/bunnyFit/rerun_20260822_ymax015_derivative_free/experiment_results.csv,fd3f8f69f555b3ab78959a0eb66609ca019636a16b0727d28ec835750bb8e861,2
bunny3828,0,2000000,2,0.4,17,1.4563,2912700,2.9127,0.25131,25.131,0.038316,3.8316,reliable,true,,assets/experiments/bunnyFit/rerun_20260822_ymax015_derivative_free/experiment_results.csv,fd3f8f69f555b3ab78959a0eb66609ca019636a16b0727d28ec835750bb8e861,3
bunny3828,0,2000000,2,0.4,20,1.2985,2597000,2.597,0.17428,17.428,0.027436,2.7436,reliable,true,,assets/experiments/bunnyFit/rerun_20260822_ymax015_derivative_free/experiment_results.csv,fd3f8f69f555b3ab78959a0eb66609ca019636a16b0727d28ec835750bb8e861,4
bunny3828,0,2000000,2,0.4,25,1.1735,2346900,2.3469,0.10788,10.788,0.017623,1.7623,reliable,true,,assets/experiments/bunnyFit/rerun_20260822_ymax015_derivative_free/experiment_results.csv,fd3f8f69f555b3ab78959a0eb66609ca019636a16b0727d28ec835750bb8e861,5
bunny3828,0,2000000,2,0.4,30,1.1158,2231600,2.2316,0.073691,7.3691,0.012322,1.2322,reliable,true,,assets/experiments/bunnyFit/rerun_20260822_ymax015_derivative_free/experiment_results.csv,fd3f8f69f555b3ab78959a0eb66609ca019636a16b0727d28ec835750bb8e861,6
bunny3828,0,2000000,2,0.4,40,1.0638,2127600,2.1276,0.04075,4.075,0.0070446,0.70446,reliable,true,,assets/experiments/bunnyFit/rerun_20260822_ymax015_derivative_free/experiment_results.csv,fd3f8f69f555b3ab78959a0eb66609ca019636a16b0727d28ec835750bb8e861,7
bunny3828,1,3000000,3,0.4,15,1.9247,5774000,5.774,0.31529,31.529,0.045728,4.5728,reliable,true,,assets/experiments/bunnyFit/rerun_20260822_ymax015_derivative_free/experiment_results.csv,fd3f8f69f555b3ab78959a0eb66609ca019636a16b0727d28ec835750bb8e861,8
bunny3828,1,3000000,3,0.4,17,1.6107,4832100,4.8321,0.23898,23.898,0.03521,3.521,reliable,true,,assets/experiments/bunnyFit/rerun_20260822_ymax015_derivative_free/experiment_results.csv,fd3f8f69f555b3ab78959a0eb66609ca019636a16b0727d28ec835750bb8e861,9
bunny3828,1,3000000,3,0.4,20,1.3858,4157300,4.1573,0.17067,17.067,0.025509,2.5509,reliable,true,,assets/experiments/bunnyFit/rerun_20260822_ymax015_derivative_free/experiment_results.csv,fd3f8f69f555b3ab78959a0eb66609ca019636a16b0727d28ec835750bb8e861,10
bunny3828,1,3000000,3,0.4,25,1.2203,3661000,3.661,0.10946,10.946,0.016587,1.6587,reliable,true,,assets/experiments/bunnyFit/rerun_20260822_ymax015_derivative_free/experiment_results.csv,fd3f8f69f555b3ab78959a0eb66609ca019636a16b0727d28ec835750bb8e861,11
bunny3828,1,3000000,3,0.4,30,1.1443,3432800,3.4328,0.076462,7.6462,0.01172,1.172,reliable,true,,assets/experiments/bunnyFit/rerun_20260822_ymax015_derivative_free/experiment_results.csv,fd3f8f69f555b3ab78959a0eb66609ca019636a16b0727d28ec835750bb8e861,12
bunny3828,1,3000000,3,0.4,40,1.0765,3229400,3.2294,0.043318,4.3318,0.0067921,0.67921,reliable,true,,assets/experiments/bunnyFit/rerun_20260822_ymax015_derivative_free/experiment_results.csv,fd3f8f69f555b3ab78959a0eb66609ca019636a16b0727d28ec835750bb8e861,13
bunny3828,2,4000000,4,0.4,15,2.3201,9280500,9.2805,0.33627,33.627,0.04199,4.199,reliable,true,,assets/experiments/bunnyFit/rerun_20260822_ymax015_derivative_free/experiment_results.csv,fd3f8f69f555b3ab78959a0eb66609ca019636a16b0727d28ec835750bb8e861,14
bunny3828,2,4000000,4,0.4,17,1.8189,7275500,7.2755,0.26565,26.565,0.033654,3.3654,reliable,true,,assets/experiments/bunnyFit/rerun_20260822_ymax015_derivative_free/experiment_results.csv,fd3f8f69f555b3ab78959a0eb66609ca019636a16b0727d28ec835750bb8e861,15
bunny3828,2,4000000,4,0.4,20,1.4958,5983400,5.9834,0.19711,19.711,0.025156,2.5156,reliable,true,,assets/experiments/bunnyFit/rerun_20260822_ymax015_derivative_free/experiment_results.csv,fd3f8f69f555b3ab78959a0eb66609ca019636a16b0727d28ec835750bb8e861,16
bunny3828,2,4000000,4,0.4,25,1.2757,5103000,5.103,0.12997,12.997,0.016856,1.6856,reliable,true,,assets/experiments/bunnyFit/rerun_20260822_ymax015_derivative_free/experiment_results.csv,fd3f8f69f555b3ab78959a0eb66609ca019636a16b0727d28ec835750bb8e861,17
bunny3828,2,4000000,4,0.4,30,1.1785,4714100,4.7141,0.091714,9.1714,0.012122,1.2122,reliable,true,,assets/experiments/bunnyFit/rerun_20260822_ymax015_derivative_free/experiment_results.csv,fd3f8f69f555b3ab78959a0eb66609ca019636a16b0727d28ec835750bb8e861,18
bunny3828,2,4000000,4,0.4,40,1.0951,4380300,4.3803,0.052296,5.2296,0.0071618,0.71618,reliable,true,,assets/experiments/bunnyFit/rerun_20260822_ymax015_derivative_free/experiment_results.csv,fd3f8f69f555b3ab78959a0eb66609ca019636a16b0727d28ec835750bb8e861,19
bunny3828,3,5000000,5,0.4,15,2.887,14435000,14.435,0.37248,37.248,0.040056,4.0056,reliable,true,,assets/experiments/bunnyFit/rerun_20260822_ymax015_derivative_free/experiment_results.csv,fd3f8f69f555b3ab78959a0eb66609ca019636a16b0727d28ec835750bb8e861,20
bunny3828,3,5000000,5,0.4,17,2.0792,10396000,10.396,0.29868,29.868,0.033498,3.3498,reliable,true,,assets/experiments/bunnyFit/rerun_20260822_ymax015_derivative_free/experiment_results.csv,fd3f8f69f555b3ab78959a0eb66609ca019636a16b0727d28ec835750bb8e861,21
bunny3828,3,5000000,5,0.4,20,1.6191,8095700,8.0957,0.2227,22.27,0.025953,2.5953,reliable,true,,assets/experiments/bunnyFit/rerun_20260822_ymax015_derivative_free/experiment_results.csv,fd3f8f69f555b3ab78959a0eb66609ca019636a16b0727d28ec835750bb8e861,22
bunny3828,3,5000000,5,0.4,25,1.3327,6663700,6.6637,0.1466,14.66,0.017954,1.7954,reliable,true,,assets/experiments/bunnyFit/rerun_20260822_ymax015_derivative_free/experiment_results.csv,fd3f8f69f555b3ab78959a0eb66609ca019636a16b0727d28ec835750bb8e861,23
bunny3828,3,5000000,5,0.4,30,1.2133,6066600,6.0666,0.10322,10.322,0.013145,1.3145,reliable,true,,assets/experiments/bunnyFit/rerun_20260822_ymax015_derivative_free/experiment_results.csv,fd3f8f69f555b3ab78959a0eb66609ca019636a16b0727d28ec835750bb8e861,24
bunny3828,3,5000000,5,0.4,40,1.1115,5557400,5.5574,0.058702,5.8702,0.0079107,0.79107,reliable,true,,assets/experiments/bunnyFit/rerun_20260822_ymax015_derivative_free/experiment_results.csv,fd3f8f69f555b3ab78959a0eb66609ca019636a16b0727d28ec835750bb8e861,25
bunny3828,4,7000000,7,0.4,15,5.6891,39824000,39.824,0.42885,42.885,0.045437,4.5437,reliable,true,,assets/experiments/bunnyFit/rerun_20260822_ymax015_derivative_free/experiment_results.csv,fd3f8f69f555b3ab78959a0eb66609ca019636a16b0727d28ec835750bb8e861,26
bunny3828,4,7000000,7,0.4,17,2.9021,20314000,20.314,0.34379,34.379,0.03716,3.716,reliable,true,,assets/experiments/bunnyFit/rerun_20260822_ymax015_derivative_free/experiment_results.csv,fd3f8f69f555b3ab78959a0eb66609ca019636a16b0727d28ec835750bb8e861,27
bunny3828,4,7000000,7,0.4,20,1.9373,13561000,13.561,0.25575,25.575,0.029862,2.9862,reliable,true,,assets/experiments/bunnyFit/rerun_20260822_ymax015_derivative_free/experiment_results.csv,fd3f8f69f555b3ab78959a0eb66609ca019636a16b0727d28ec835750bb8e861,28
bunny3828,4,7000000,7,0.4,25,1.4664,10265000,10.265,0.16916,16.916,0.021602,2.1602,reliable,true,,assets/experiments/bunnyFit/rerun_20260822_ymax015_derivative_free/experiment_results.csv,fd3f8f69f555b3ab78959a0eb66609ca019636a16b0727d28ec835750bb8e861,29
bunny3828,4,7000000,7,0.4,30,1.2891,9023500,9.0235,0.12011,12.011,0.016222,1.6222,reliable,true,,assets/experiments/bunnyFit/rerun_20260822_ymax015_derivative_free/experiment_results.csv,fd3f8f69f555b3ab78959a0eb66609ca019636a16b0727d28ec835750bb8e861,30
bunny3828,4,7000000,7,0.4,40,1.1471,8029500,8.0295,0.069292,6.9292,0.010008,1.0008,reliable,true,,assets/experiments/bunnyFit/rerun_20260822_ymax015_derivative_free/experiment_results.csv,fd3f8f69f555b3ab78959a0eb66609ca019636a16b0727d28ec835750bb8e861,31
bunny3828,5,10000000,10,0.4,15,295.325,2953200000,2953.2,0.49041,49.041,0.088852,8.8852,reliable,true,,assets/experiments/bunnyFit/rerun_20260822_ymax015_derivative_free/experiment_results.csv,fd3f8f69f555b3ab78959a0eb66609ca019636a16b0727d28ec835750bb8e861,32
bunny3828,5,10000000,10,0.4,17,7.4942,74942000,74.942,0.39854,39.854,0.048104,4.8104,reliable,true,,assets/experiments/bunnyFit/rerun_20260822_ymax015_derivative_free/experiment_results.csv,fd3f8f69f555b3ab78959a0eb66609ca019636a16b0727d28ec835750bb8e861,33
bunny3828,5,10000000,10,0.4,20,2.7837,27837000,27.837,0.30413,30.413,0.035805,3.5805,reliable,true,,assets/experiments/bunnyFit/rerun_20260822_ymax015_derivative_free/experiment_results.csv,fd3f8f69f555b3ab78959a0eb66609ca019636a16b0727d28ec835750bb8e861,34
bunny3828,5,10000000,10,0.4,25,1.7264,17264000,17.264,0.20845,20.845,0.026413,2.6413,reliable,true,,assets/experiments/bunnyFit/rerun_20260822_ymax015_derivative_free/experiment_results.csv,fd3f8f69f555b3ab78959a0eb66609ca019636a16b0727d28ec835750bb8e861,35
bunny3828,5,10000000,10,0.4,30,1.4248,14248000,14.248,0.15168,15.168,0.020314,2.0314,reliable,true,,assets/experiments/bunnyFit/rerun_20260822_ymax015_derivative_free/experiment_results.csv,fd3f8f69f555b3ab78959a0eb66609ca019636a16b0727d28ec835750bb8e861,36
bunny3828,5,10000000,10,0.4,40,1.2055,12055000,12.055,0.090008,9.0008,0.0129,1.29,reliable,true,,assets/experiments/bunnyFit/rerun_20260822_ymax015_derivative_free/experiment_results.csv,fd3f8f69f555b3ab78959a0eb66609ca019636a16b0727d28ec835750bb8e861,37
bunny3828,6,12000000,12,0.4,15,666.5,7998000000,7998,0.53224,53.224,0.17366,17.366,near_capacity,false,final_relMSE_between_10_and_20pct,assets/experiments/bunnyFit/rerun_20260822_ymax015_derivative_free/experiment_results.csv,fd3f8f69f555b3ab78959a0eb66609ca019636a16b0727d28ec835750bb8e861,38
bunny3828,6,12000000,12,0.4,17,102.3875,1228600000,1228.6,0.43717,43.717,0.058845,5.8845,reliable,true,,assets/experiments/bunnyFit/rerun_20260822_ymax015_derivative_free/experiment_results.csv,fd3f8f69f555b3ab78959a0eb66609ca019636a16b0727d28ec835750bb8e861,39
bunny3828,6,12000000,12,0.4,20,3.936,47231000,47.231,0.33873,33.873,0.039586,3.9586,reliable,true,,assets/experiments/bunnyFit/rerun_20260822_ymax015_derivative_free/experiment_results.csv,fd3f8f69f555b3ab78959a0eb66609ca019636a16b0727d28ec835750bb8e861,40
bunny3828,6,12000000,12,0.4,25,1.9644,23573000,23.573,0.23637,23.637,0.028677,2.8677,reliable,true,,assets/experiments/bunnyFit/rerun_20260822_ymax015_derivative_free/experiment_results.csv,fd3f8f69f555b3ab78959a0eb66609ca019636a16b0727d28ec835750bb8e861,41
bunny3828,6,12000000,12,0.4,30,1.5326,18391000,18.391,0.17401,17.401,0.022301,2.2301,reliable,true,,assets/experiments/bunnyFit/rerun_20260822_ymax015_derivative_free/experiment_results.csv,fd3f8f69f555b3ab78959a0eb66609ca019636a16b0727d28ec835750bb8e861,42
bunny3828,6,12000000,12,0.4,40,1.2505,15006000,15.006,0.1049,10.49,0.014407,1.4407,reliable,true,,assets/experiments/bunnyFit/rerun_20260822_ymax015_derivative_free/experiment_results.csv,fd3f8f69f555b3ab78959a0eb66609ca019636a16b0727d28ec835750bb8e861,43
bunny3828,7,15000000,15,0.4,15,317.375,4760600000,4760.6,0.59866,59.866,0.29278,29.278,capacity_exceeded,false,final_relMSE_gt_20pct,assets/experiments/bunnyFit/rerun_20260822_ymax015_derivative_free/experiment_results.csv,fd3f8f69f555b3ab78959a0eb66609ca019636a16b0727d28ec835750bb8e861,44
bunny3828,7,15000000,15,0.4,17,339.425,5091400000,5091.4,0.49696,49.696,0.15083,15.083,near_capacity,false,final_relMSE_between_10_and_20pct,assets/experiments/bunnyFit/rerun_20260822_ymax015_derivative_free/experiment_results.csv,fd3f8f69f555b3ab78959a0eb66609ca019636a16b0727d28ec835750bb8e861,45
bunny3828,7,15000000,15,0.4,20,10.9719,164580000,164.58,0.39194,39.194,0.048838,4.8838,reliable,true,,assets/experiments/bunnyFit/rerun_20260822_ymax015_derivative_free/experiment_results.csv,fd3f8f69f555b3ab78959a0eb66609ca019636a16b0727d28ec835750bb8e861,46
bunny3828,7,15000000,15,0.4,25,2.4902,37353000,37.353,0.28168,28.168,0.03223,3.223,reliable,true,,assets/experiments/bunnyFit/rerun_20260822_ymax015_derivative_free/experiment_results.csv,fd3f8f69f555b3ab78959a0eb66609ca019636a16b0727d28ec835750bb8e861,47
bunny3828,7,15000000,15,0.4,30,1.7366,26049000,26.049,0.21298,21.298,0.025085,2.5085,reliable,true,,assets/experiments/bunnyFit/rerun_20260822_ymax015_derivative_free/experiment_results.csv,fd3f8f69f555b3ab78959a0eb66609ca019636a16b0727d28ec835750bb8e861,48
bunny3828,7,15000000,15,0.4,40,1.3231,19846000,19.846,0.13332,13.332,0.016507,1.6507,reliable,true,,assets/experiments/bunnyFit/rerun_20260822_ymax015_derivative_free/experiment_results.csv,fd3f8f69f555b3ab78959a0eb66609ca019636a16b0727d28ec835750bb8e861,49
bunny3828,8,17000000,17,0.4,15,1691.825,2.8761e+10,28761,0.64531,64.531,0.36328,36.328,capacity_exceeded,false,final_relMSE_gt_20pct,assets/experiments/bunnyFit/rerun_20260822_ymax015_derivative_free/experiment_results.csv,fd3f8f69f555b3ab78959a0eb66609ca019636a16b0727d28ec835750bb8e861,50
bunny3828,8,17000000,17,0.4,17,633.425,1.0768e+10,10768,0.53862,53.862,0.22332,22.332,capacity_exceeded,false,final_relMSE_gt_20pct,assets/experiments/bunnyFit/rerun_20260822_ymax015_derivative_free/experiment_results.csv,fd3f8f69f555b3ab78959a0eb66609ca019636a16b0727d28ec835750bb8e861,51
bunny3828,8,17000000,17,0.4,20,210.8,3583600000,3583.6,0.42984,42.984,0.059291,5.9291,reliable,true,,assets/experiments/bunnyFit/rerun_20260822_ymax015_derivative_free/experiment_results.csv,fd3f8f69f555b3ab78959a0eb66609ca019636a16b0727d28ec835750bb8e861,52
bunny3828,8,17000000,17,0.4,25,3.0494,51841000,51.841,0.31613,31.613,0.035203,3.5203,reliable,true,,assets/experiments/bunnyFit/rerun_20260822_ymax015_derivative_free/experiment_results.csv,fd3f8f69f555b3ab78959a0eb66609ca019636a16b0727d28ec835750bb8e861,53
bunny3828,8,17000000,17,0.4,30,1.9079,32435000,32.435,0.2436,24.36,0.027091,2.7091,reliable,true,,assets/experiments/bunnyFit/rerun_20260822_ymax015_derivative_free/experiment_results.csv,fd3f8f69f555b3ab78959a0eb66609ca019636a16b0727d28ec835750bb8e861,54
bunny3828,8,17000000,17,0.4,40,1.3782,23429000,23.429,0.15544,15.544,0.017943,1.7943,reliable,true,,assets/experiments/bunnyFit/rerun_20260822_ymax015_derivative_free/experiment_results.csv,fd3f8f69f555b3ab78959a0eb66609ca019636a16b0727d28ec835750bb8e861,55
bunny3828,9,20000000,20,0.4,15,493.775,9875500000,9875.5,0.71738,71.738,0.46188,46.188,capacity_exceeded,false,final_relMSE_gt_20pct,assets/experiments/bunnyFit/rerun_20260822_ymax015_derivative_free/experiment_results.csv,fd3f8f69f555b3ab78959a0eb66609ca019636a16b0727d28ec835750bb8e861,56
bunny3828,9,20000000,20,0.4,17,379.85,7597000000,7597,0.60294,60.294,0.3239,32.39,capacity_exceeded,false,final_relMSE_gt_20pct,assets/experiments/bunnyFit/rerun_20260822_ymax015_derivative_free/experiment_results.csv,fd3f8f69f555b3ab78959a0eb66609ca019636a16b0727d28ec835750bb8e861,57
bunny3828,9,20000000,20,0.4,20,923.75,1.8475e+10,18475,0.48864,48.864,0.13682,13.682,near_capacity,false,final_relMSE_between_10_and_20pct,assets/experiments/bunnyFit/rerun_20260822_ymax015_derivative_free/experiment_results.csv,fd3f8f69f555b3ab78959a0eb66609ca019636a16b0727d28ec835750bb8e861,58
bunny3828,9,20000000,20,0.4,25,4.5673,91345000,91.345,0.36956,36.956,0.040433,4.0433,reliable,true,,assets/experiments/bunnyFit/rerun_20260822_ymax015_derivative_free/experiment_results.csv,fd3f8f69f555b3ab78959a0eb66609ca019636a16b0727d28ec835750bb8e861,59
bunny3828,9,20000000,20,0.4,30,2.2413,44826000,44.826,0.28971,28.971,0.030132,3.0132,reliable,true,,assets/experiments/bunnyFit/rerun_20260822_ymax015_derivative_free/experiment_results.csv,fd3f8f69f555b3ab78959a0eb66609ca019636a16b0727d28ec835750bb8e861,60
bunny3828,9,20000000,20,0.4,40,1.4688,29375000,29.375,0.18675,18.675,0.020141,2.0141,reliable,true,,assets/experiments/bunnyFit/rerun_20260822_ymax015_derivative_free/experiment_results.csv,fd3f8f69f555b3ab78959a0eb66609ca019636a16b0727d28ec835750bb8e861,61
bunny3828,10,25000000,25,0.4,15,258.575,6464400000,6464.4,0.83927,83.927,0.60894,60.894,capacity_exceeded,false,final_relMSE_gt_20pct,assets/experiments/bunnyFit/rerun_20260822_ymax015_derivative_free/experiment_results.csv,fd3f8f69f555b3ab78959a0eb66609ca019636a16b0727d28ec835750bb8e861,62
bunny3828,10,25000000,25,0.4,17,376.175,9404400000,9404.4,0.71106,71.106,0.46439,46.439,capacity_exceeded,false,final_relMSE_gt_20pct,assets/experiments/bunnyFit/rerun_20260822_ymax015_derivative_free/experiment_results.csv,fd3f8f69f555b3ab78959a0eb66609ca019636a16b0727d28ec835750bb8e861,63
bunny3828,10,25000000,25,0.4,20,1934.375,4.8359e+10,48359,0.58441,58.441,0.27617,27.617,capacity_exceeded,false,final_relMSE_gt_20pct,assets/experiments/bunnyFit/rerun_20260822_ymax015_derivative_free/experiment_results.csv,fd3f8f69f555b3ab78959a0eb66609ca019636a16b0727d28ec835750bb8e861,64
bunny3828,10,25000000,25,0.4,25,27.05,676250000,676.25,0.45056,45.056,0.051264,5.1264,reliable,true,,assets/experiments/bunnyFit/rerun_20260822_ymax015_derivative_free/experiment_results.csv,fd3f8f69f555b3ab78959a0eb66609ca019636a16b0727d28ec835750bb8e861,65
bunny3828,10,25000000,25,0.4,30,3.1514,78785000,78.785,0.35568,35.568,0.035953,3.5953,reliable,true,,assets/experiments/bunnyFit/rerun_20260822_ymax015_derivative_free/experiment_results.csv,fd3f8f69f555b3ab78959a0eb66609ca019636a16b0727d28ec835750bb8e861,66
bunny3828,10,25000000,25,0.4,40,1.6541,41353000,41.353,0.23076,23.076,0.024117,2.4117,reliable,true,,assets/experiments/bunnyFit/rerun_20260822_ymax015_derivative_free/experiment_results.csv,fd3f8f69f555b3ab78959a0eb66609ca019636a16b0727d28ec835750bb8e861,67
bunny3828,11,30000000,30,0.4,15,548.9,1.6467e+10,16467,0.96465,96.465,0.74939,74.939,capacity_exceeded,false,final_relMSE_gt_20pct,assets/experiments/bunnyFit/rerun_20260822_ymax015_derivative_free/experiment_results.csv,fd3f8f69f555b3ab78959a0eb66609ca019636a16b0727d28ec835750bb8e861,68
bunny3828,11,30000000,30,0.4,17,295.325,8859800000,8859.8,0.82262,82.262,0.59148,59.148,capacity_exceeded,false,final_relMSE_gt_20pct,assets/experiments/bunnyFit/rerun_20260822_ymax015_derivative_free/experiment_results.csv,fd3f8f69f555b3ab78959a0eb66609ca019636a16b0727d28ec835750bb8e861,69
bunny3828,11,30000000,30,0.4,20,692.225,2.0767e+10,20767,0.6805,68.05,0.39624,39.624,capacity_exceeded,false,final_relMSE_gt_20pct,assets/experiments/bunnyFit/rerun_20260822_ymax015_derivative_free/experiment_results.csv,fd3f8f69f555b3ab78959a0eb66609ca019636a16b0727d28ec835750bb8e861,70
bunny3828,11,30000000,30,0.4,25,787.775,2.3633e+10,23633,0.52584,52.584,0.11706,11.706,near_capacity,false,final_relMSE_between_10_and_20pct,assets/experiments/bunnyFit/rerun_20260822_ymax015_derivative_free/experiment_results.csv,fd3f8f69f555b3ab78959a0eb66609ca019636a16b0727d28ec835750bb8e861,71
bunny3828,11,30000000,30,0.4,30,5.346,160380000,160.38,0.41577,41.577,0.043185,4.3185,reliable,true,,assets/experiments/bunnyFit/rerun_20260822_ymax015_derivative_free/experiment_results.csv,fd3f8f69f555b3ab78959a0eb66609ca019636a16b0727d28ec835750bb8e861,72
bunny3828,11,30000000,30,0.4,40,1.8908,56725000,56.725,0.27441,27.441,0.02842,2.842,reliable,true,,assets/experiments/bunnyFit/rerun_20260822_ymax015_derivative_free/experiment_results.csv,fd3f8f69f555b3ab78959a0eb66609ca019636a16b0727d28ec835750bb8e861,73
